{
	"credit": "Made with Blockbench",
	"texture_size": [50, 50],
	"textures": {
		"0": "blockbench/texture_0",
		"1": "blockbench/texture_1",
		"2": "blockbench/texture_2",
		"3": "blockbench/texture_3",
		"4": "blockbench/texture_4",
		"5": "blockbench/texture_5",
		"particle": "blockbench/texture_0"
	},
	"elements": [
		{
			"name": "right_leg",
			"from": [10, 0, 7],
			"to": [12, 4, 9],
			"rotation": {"angle": 0, "axis": "y", "origin": [19, 8, 15]},
			"faces": {
				"north": {"uv": [0.5, 0, 2.16667, 2.33333], "texture": "#4"},
				"east": {"uv": [0.5, 0, 2.16667, 2.33333], "texture": "#4"},
				"south": {"uv": [0.5, 0, 2.16667, 2.33333], "texture": "#4"},
				"west": {"uv": [0.5, 0, 2.16667, 2.33333], "texture": "#4"},
				"up": {"uv": [0.5, 0, 2.16667, 2.33333], "texture": "#4"},
				"down": {"uv": [0.5, 0, 2.16667, 2.33333], "texture": "#4"}
			}
		},
		{
			"name": "left_leg",
			"from": [4, 0, 7],
			"to": [6, 4, 9],
			"rotation": {"angle": 0, "axis": "y", "origin": [12, 8, 16]},
			"faces": {
				"north": {"uv": [0.5, 0, 2.16667, 2.33333], "texture": "#4"},
				"east": {"uv": [0.5, 0, 2.16667, 2.33333], "texture": "#4"},
				"south": {"uv": [0.5, 0, 2.16667, 2.33333], "texture": "#4"},
				"west": {"uv": [0.5, 0, 2.16667, 2.33333], "texture": "#4"},
				"up": {"uv": [0.5, 0, 2.16667, 2.33333], "texture": "#4"},
				"down": {"uv": [0.5, 0, 2.16667, 2.33333], "texture": "#4"}
			}
		},
		{
			"name": "body",
			"from": [4, 4, 6],
			"to": [12, 15, 10],
			"rotation": {"angle": 0, "axis": "y", "origin": [15, 12, 15]},
			"faces": {
				"north": {"uv": [1, 0.83333, 6.5, 9.33333], "texture": "#0"},
				"east": {"uv": [0.5, 1.16667, 2.5, 6.33333], "texture": "#1"},
				"south": {"uv": [1, 1, 5.83333, 9.16667], "texture": "#3"},
				"west": {"uv": [1.5, 0.83333, 3.5, 5.66667], "texture": "#2"},
				"up": {"uv": [0.83333, 5.33333, 6.16667, 8.83333], "texture": "#3"},
				"down": {"uv": [1.125, 4.75, 4.125, 6.375], "texture": "#3"}
			}
		},
		{
			"name": "left_ude",
			"from": [3, 4, 8],
			"to": [4, 10, 10],
			"rotation": {"angle": 0, "axis": "y", "origin": [11, 17, 16]},
			"faces": {
				"north": {"uv": [0.33333, 0.16667, 1.33333, 3.33333], "texture": "#5"},
				"east": {"uv": [0.33333, 0.16667, 1.33333, 3.33333], "texture": "#5"},
				"south": {"uv": [0.33333, 0.16667, 1.33333, 3.33333], "texture": "#5"},
				"west": {"uv": [0.33333, 0.16667, 1.33333, 3.33333], "texture": "#5"},
				"up": {"uv": [0.33333, 0.16667, 1.16667, 2], "texture": "#5"},
				"down": {"uv": [0.375, 0.125, 1, 2], "texture": "#5"}
			}
		},
		{
			"name": "right_ude",
			"from": [12, 4, 8],
			"to": [13, 10, 10],
			"rotation": {"angle": 0, "axis": "y", "origin": [20, 17, 16]},
			"faces": {
				"north": {"uv": [0.33333, 0.16667, 1.33333, 3.33333], "texture": "#5"},
				"east": {"uv": [0.33333, 0.16667, 1.33333, 3.33333], "texture": "#5"},
				"south": {"uv": [0.33333, 0.16667, 1.33333, 3.33333], "texture": "#5"},
				"west": {"uv": [0.33333, 0.16667, 1.33333, 3.33333], "texture": "#5"},
				"up": {"uv": [0.375, 0.125, 1, 2], "texture": "#5"},
				"down": {"uv": [0.375, 0.125, 1, 2], "texture": "#5"}
			}
		}
	],
	"display": {
		"thirdperson_righthand": {
			"rotation": [-7, 0, 0],
			"translation": [0.25, 0.25, 0]
		},
		"thirdperson_lefthand": {
			"rotation": [65, 0, 0],
			"translation": [0, 1, 0]
		},
		"firstperson_righthand": {
			"rotation": [0, -180, 0],
			"translation": [-1.25, 3.25, 0]
		},
		"firstperson_lefthand": {
			"rotation": [0, -180, 0],
			"translation": [-0.5, 3.75, 0]
		},
		"ground": {
			"translation": [0, 20.75, 0],
			"scale": [4, 4, 4]
		},
		"gui": {
			"rotation": [0, -180, 0],
			"translation": [0, 0.5, 0]
		},
		"head": {
			"translation": [0, -14, -1.5],
			"scale": [4, 4, 4]
		},
		"fixed": {
			"translation": [0, 0, -1.75]
		}
	},
	"groups": [
		{
			"name": "bedrock",
			"origin": [8, 8, 8],
			"children": [0, 1, 2, 3, 4]
		}
	]
}